{
    "total_questions": 3317,
    "questions_with_one_path": 428,
    "questions_with_all_unhit": 1016,
    "hit_mean": 0.38184433802387957,
    "hit_std": 0.11675122403441604,
    "no_hit_mean": 0.36339434817919786,
    "no_hit_std": 0.1200455901852025,
    "t_stat": 15.190481071101361,
    "p_value": 8.458025237850909e-52,
    "u_stat": 299381406.5,
    "u_p_value": 6.673465210768938e-57,
    "correlation": 0.061639793201353606,
    "corr_p_value": 2.289089771183213e-50,
    "logistic_coef": 1.2778419609150466,
    "logistic_intercept": -1.8655832372373,
    "odds_ratio": 3.588886405459944,
    "highest_sim_accuracy": 0.35524497005068345,
    "highest_sim_accuracy_multi": 0.3356896268288673,
    "questions_with_hits_count": 2301,
    "total_questions_count": 3317,
    "hit_questions_highest_sim_accuracy": 0.5260404821469183,
    "avg_hit_path_rank": 7.429122055674518,
    "hit_questions_highest_sim_accuracy_multi": 0.4949103247697528,
    "norm_correlation": 0.061639793201353606,
    "norm_corr_p_value": 2.289089771183213e-50
}