{
  "total_questions": 3317,
  "valid_questions": 3317,
  "hit_count": 2197,
  "hit_rate": 0.6623454929152849,
  "h_at_1_count": 1653,
  "h_at_1_rate": 0.49834187518842327,
  "precision": 0.4867288424569098,
  "recall": 0.6071220268746171,
  "f1": 0.4915849918366294
}