{
  "total_questions": 3317,
  "valid_questions": 3317,
  "hit_count": 1973,
  "hit_rate": 0.5948145914983419,
  "h_at_1_count": 1653,
  "h_at_1_rate": 0.49834187518842327,
  "precision": 0.4910561752587662,
  "recall": 0.5260140662337963,
  "f1": 0.4777068347085863
}