{
  "total_questions": 3317,
  "valid_questions": 3317,
  "hit_count": 1862,
  "hit_rate": 0.5613506180283389,
  "h_at_1_count": 1653,
  "h_at_1_rate": 0.49834187518842327,
  "precision": 0.49201085318058485,
  "recall": 0.48333436957131604,
  "f1": 0.4619773737780271
}