{
  "total_questions": 3317,
  "valid_questions": 3317,
  "hit_count": 2158,
  "hit_rate": 0.6505878806150136,
  "h_at_1_count": 1653,
  "h_at_1_rate": 0.49834187518842327,
  "precision": 0.4864040943480192,
  "recall": 0.5939469007723001,
  "f1": 0.48965687897177546
}