{
  "total_questions": 3317,
  "valid_questions": 3317,
  "hit_count": 2206,
  "hit_rate": 0.6650587880615013,
  "h_at_1_count": 1653,
  "h_at_1_rate": 0.49834187518842327,
  "precision": 0.4865914785646466,
  "recall": 0.6107935057321374,
  "f1": 0.49191848381696246
}