{
  "total_questions": 3317,
  "valid_questions": 3317,
  "hit_count": 2123,
  "hit_rate": 0.6400361772686162,
  "h_at_1_count": 1653,
  "h_at_1_rate": 0.49834187518842327,
  "precision": 0.48676443142828413,
  "recall": 0.5823777730031919,
  "f1": 0.4882881309260794
}