{
  "total_questions": 3317,
  "valid_questions": 3317,
  "hit_count": 2186,
  "hit_rate": 0.6590292432921314,
  "h_at_1_count": 1653,
  "h_at_1_rate": 0.49834187518842327,
  "precision": 0.486481051524765,
  "recall": 0.6028800037556733,
  "f1": 0.4908340897373884
}