{
  "total_questions": 3317,
  "valid_questions": 3317,
  "hit_count": 1653,
  "hit_rate": 0.49834187518842327,
  "h_at_1_count": 1653,
  "h_at_1_rate": 0.49834187518842327,
  "precision": 0.49834187518842327,
  "recall": 0.40745015705566456,
  "f1": 0.4255455388530989
}