{
  "total_questions": 3317,
  "valid_questions": 3317,
  "hit_count": 2210,
  "hit_rate": 0.6662646970153754,
  "h_at_1_count": 1653,
  "h_at_1_rate": 0.49834187518842327,
  "precision": 0.4865884605541272,
  "recall": 0.6122094275217258,
  "f1": 0.49206332952687337
}