{
  "total_questions": 3317,
  "valid_questions": 3317,
  "hit_count": 2191,
  "hit_rate": 0.6605366294844739,
  "h_at_1_count": 1653,
  "h_at_1_rate": 0.49834187518842327,
  "precision": 0.4865327333370739,
  "recall": 0.6052676710152632,
  "f1": 0.49122678330149505
}