{
  "total_questions": 3317,
  "valid_questions": 3317,
  "hit_count": 2025,
  "hit_rate": 0.6104914078987036,
  "h_at_1_count": 1653,
  "h_at_1_rate": 0.49834187518842327,
  "precision": 0.48856898804140203,
  "recall": 0.5464449529610856,
  "f1": 0.48209868752156576
}