{
  "total_questions": 3317,
  "valid_questions": 3317,
  "hit_count": 2208,
  "hit_rate": 0.6656617425384384,
  "h_at_1_count": 1653,
  "h_at_1_rate": 0.49834187518842327,
  "precision": 0.486648416858874,
  "recall": 0.6116953930569148,
  "f1": 0.4920765807992952
}