{
  "total_questions": 3317,
  "valid_questions": 3317,
  "hit_count": 2202,
  "hit_rate": 0.6638528791076274,
  "h_at_1_count": 1653,
  "h_at_1_rate": 0.49834187518842327,
  "precision": 0.4867267133094686,
  "recall": 0.6094419184712736,
  "f1": 0.49185944882926047
}