{
  "total_questions": 3317,
  "valid_questions": 3317,
  "hit_count": 2175,
  "hit_rate": 0.655712993668978,
  "h_at_1_count": 1653,
  "h_at_1_rate": 0.49834187518842327,
  "precision": 0.48661345354140007,
  "recall": 0.5992822512341439,
  "f1": 0.49058742094100055
}