{
  "total_questions": 3317,
  "valid_questions": 3317,
  "hit_count": 2210,
  "hit_rate": 0.6662646970153754,
  "h_at_1_count": 1653,
  "h_at_1_rate": 0.49834187518842327,
  "precision": 0.48653575630632734,
  "recall": 0.6126566288095288,
  "f1": 0.4920852272740895
}