{
  "total_questions": 3317,
  "valid_questions": 3317,
  "hit_count": 2206,
  "hit_rate": 0.6650587880615013,
  "h_at_1_count": 1653,
  "h_at_1_rate": 0.49834187518842327,
  "precision": 0.48667596597955326,
  "recall": 0.6105971342585603,
  "f1": 0.49194599590752225
}