{
  "total_questions": 3317,
  "valid_questions": 3317,
  "hit_count": 2150,
  "hit_rate": 0.6481760627072656,
  "h_at_1_count": 1653,
  "h_at_1_rate": 0.49834187518842327,
  "precision": 0.4871445080896392,
  "recall": 0.5910759680761737,
  "f1": 0.4899038198194248
}