{
  "total_questions": 3317,
  "valid_questions": 3317,
  "hit_count": 2098,
  "hit_rate": 0.6324992463069038,
  "h_at_1_count": 1653,
  "h_at_1_rate": 0.49834187518842327,
  "precision": 0.48810160043955586,
  "recall": 0.5719244437776149,
  "f1": 0.4825251827874531
}