{
  "total_questions": 3317,
  "valid_questions": 3317,
  "hit_count": 2104,
  "hit_rate": 0.6343081097377148,
  "h_at_1_count": 1653,
  "h_at_1_rate": 0.49834187518842327,
  "precision": 0.4881063113351324,
  "recall": 0.5743028640511981,
  "f1": 0.48294520381949463
}