{
  "total_questions": 3317,
  "valid_questions": 3317,
  "hit_count": 1926,
  "hit_rate": 0.5806451612903226,
  "h_at_1_count": 1653,
  "h_at_1_rate": 0.49834187518842327,
  "precision": 0.4896492814792469,
  "recall": 0.5089101593938593,
  "f1": 0.4699960830827979
}