{
  "total_questions": 3317,
  "valid_questions": 3317,
  "hit_count": 2106,
  "hit_rate": 0.6349110642146518,
  "h_at_1_count": 1653,
  "h_at_1_rate": 0.49834187518842327,
  "precision": 0.48804910252377803,
  "recall": 0.5750319891645239,
  "f1": 0.4830375205325479
}