{
  "total_questions": 3317,
  "valid_questions": 3317,
  "hit_count": 1980,
  "hit_rate": 0.5969249321676213,
  "h_at_1_count": 1653,
  "h_at_1_rate": 0.49834187518842327,
  "precision": 0.48917194251833923,
  "recall": 0.5286209603858117,
  "f1": 0.47552147160210156
}