{
  "total_questions": 3317,
  "valid_questions": 3317,
  "hit_count": 2094,
  "hit_rate": 0.6312933373530298,
  "h_at_1_count": 1653,
  "h_at_1_rate": 0.49834187518842327,
  "precision": 0.4881983407006013,
  "recall": 0.570208268996652,
  "f1": 0.48238306537821307
}