{
  "total_questions": 3317,
  "valid_questions": 3317,
  "hit_count": 2114,
  "hit_rate": 0.6373228821223997,
  "h_at_1_count": 1653,
  "h_at_1_rate": 0.49834187518842327,
  "precision": 0.48797901721711695,
  "recall": 0.577760356522542,
  "f1": 0.4833116342114991
}