{
  "total_questions": 3317,
  "valid_questions": 3317,
  "hit_count": 2111,
  "hit_rate": 0.6364184504069943,
  "h_at_1_count": 1653,
  "h_at_1_rate": 0.49834187518842327,
  "precision": 0.4879998565466917,
  "recall": 0.5767208590440106,
  "f1": 0.4832153215029612
}