{
  "total_questions": 3317,
  "valid_questions": 3317,
  "hit_count": 2109,
  "hit_rate": 0.6358154959300573,
  "h_at_1_count": 1653,
  "h_at_1_rate": 0.49834187518842327,
  "precision": 0.4879652507035501,
  "recall": 0.5759852908848252,
  "f1": 0.48311073820291545
}