{
  "total_questions": 3317,
  "valid_questions": 3317,
  "hit_count": 2105,
  "hit_rate": 0.6346095869761833,
  "h_at_1_count": 1653,
  "h_at_1_rate": 0.49834187518842327,
  "precision": 0.48806104708275305,
  "recall": 0.5747614447195776,
  "f1": 0.482964401489933
}