{
  "total_questions": 3317,
  "valid_questions": 3317,
  "hit_count": 2081,
  "hit_rate": 0.6273741332529394,
  "h_at_1_count": 1653,
  "h_at_1_rate": 0.49834187518842327,
  "precision": 0.4883236190667598,
  "recall": 0.5656223077848294,
  "f1": 0.48199199920815533
}