{
  "total_questions": 3317,
  "valid_questions": 3317,
  "hit_count": 2074,
  "hit_rate": 0.6252637925836599,
  "h_at_1_count": 1653,
  "h_at_1_rate": 0.49834187518842327,
  "precision": 0.4887552579065995,
  "recall": 0.5631203280188823,
  "f1": 0.48202854963693337
}