{
  "total_questions": 3317,
  "valid_questions": 3317,
  "hit_count": 2014,
  "hit_rate": 0.6071751582755502,
  "h_at_1_count": 1653,
  "h_at_1_rate": 0.49834187518842327,
  "precision": 0.48869962817807344,
  "recall": 0.5404696829536082,
  "f1": 0.47802564583720697
}