{
  "total_questions": 3317,
  "valid_questions": 3317,
  "hit_count": 2120,
  "hit_rate": 0.6391317455532107,
  "h_at_1_count": 1653,
  "h_at_1_rate": 0.49834187518842327,
  "precision": 0.4879558560593365,
  "recall": 0.5801459224870279,
  "f1": 0.48352416168371515
}