{
  "total_questions": 3317,
  "valid_questions": 3317,
  "hit_count": 2042,
  "hit_rate": 0.6156165209526681,
  "h_at_1_count": 1653,
  "h_at_1_rate": 0.49834187518842327,
  "precision": 0.4888754899005129,
  "recall": 0.5508155838196078,
  "f1": 0.4801912746358963
}