{
  "total_questions": 3317,
  "valid_questions": 3317,
  "hit_count": 2087,
  "hit_rate": 0.6291829966837503,
  "h_at_1_count": 1653,
  "h_at_1_rate": 0.49834187518842327,
  "precision": 0.48830292241507156,
  "recall": 0.5678390741149484,
  "f1": 0.4823022460471169
}