{
  "total_questions": 3317,
  "valid_questions": 3317,
  "hit_count": 1841,
  "hit_rate": 0.5550195960205004,
  "h_at_1_count": 1653,
  "h_at_1_rate": 0.49834187518842327,
  "precision": 0.49261380765752183,
  "recall": 0.47596439304999805,
  "f1": 0.4594559160711609
}