{
  "total_questions": 3317,
  "valid_questions": 3317,
  "hit_count": 2059,
  "hit_rate": 0.6207416340066325,
  "h_at_1_count": 1653,
  "h_at_1_rate": 0.49834187518842327,
  "precision": 0.4887513099903814,
  "recall": 0.5574232985700958,
  "f1": 0.4811206030996961
}