{
  "total_questions": 3317,
  "valid_questions": 3317,
  "hit_count": 2113,
  "hit_rate": 0.6370214048839312,
  "h_at_1_count": 1653,
  "h_at_1_rate": 0.49834187518842327,
  "precision": 0.48796883110623324,
  "recall": 0.5773798615553308,
  "f1": 0.483248368992415
}