{
  "total_questions": 3317,
  "valid_questions": 3317,
  "hit_count": 2232,
  "hit_rate": 0.6728971962616822,
  "h_at_1_count": 1650,
  "h_at_1_rate": 0.49743744347301777,
  "precision": 0.4854871339052648,
  "recall": 0.6213609365827918,
  "f1": 0.4932177414489461
}