{
  "total_questions": 3317,
  "valid_questions": 3317,
  "hit_count": 1981,
  "hit_rate": 0.5972264094060898,
  "h_at_1_count": 1650,
  "h_at_1_rate": 0.49743744347301777,
  "precision": 0.4898000200984808,
  "recall": 0.5290539617216867,
  "f1": 0.47805511854567123
}