{
  "total_questions": 3317,
  "valid_questions": 3317,
  "hit_count": 2208,
  "hit_rate": 0.6656617425384384,
  "h_at_1_count": 1650,
  "h_at_1_rate": 0.49743744347301777,
  "precision": 0.48549948861977726,
  "recall": 0.6114163665654759,
  "f1": 0.4920632640022177
}