{
  "total_questions": 3317,
  "valid_questions": 3317,
  "hit_count": 2198,
  "hit_rate": 0.6626469701537534,
  "h_at_1_count": 1650,
  "h_at_1_rate": 0.49743744347301777,
  "precision": 0.4856203731618258,
  "recall": 0.6076561513098829,
  "f1": 0.4917572781722305
}