{
  "total_questions": 3317,
  "valid_questions": 3317,
  "hit_count": 2212,
  "hit_rate": 0.6668676514923123,
  "h_at_1_count": 1650,
  "h_at_1_rate": 0.49743744347301777,
  "precision": 0.48540779473097767,
  "recall": 0.6137975735985272,
  "f1": 0.49227498166761036
}