{
  "total_questions": 3317,
  "valid_questions": 3317,
  "hit_count": 2183,
  "hit_rate": 0.658124811576726,
  "h_at_1_count": 1650,
  "h_at_1_rate": 0.49743744347301777,
  "precision": 0.4855836455776158,
  "recall": 0.6024254804447295,
  "f1": 0.4909658571084477
}