{
  "total_questions": 3317,
  "valid_questions": 3317,
  "hit_count": 2146,
  "hit_rate": 0.6469701537533916,
  "h_at_1_count": 1650,
  "h_at_1_rate": 0.49743744347301777,
  "precision": 0.4857831947973641,
  "recall": 0.5898954537949155,
  "f1": 0.4893315826679688
}