{
  "total_questions": 3317,
  "valid_questions": 3317,
  "hit_count": 2232,
  "hit_rate": 0.6728971962616822,
  "h_at_1_count": 1650,
  "h_at_1_rate": 0.49743744347301777,
  "precision": 0.48540765629437005,
  "recall": 0.6218717830653825,
  "f1": 0.49322880348542886
}