{
  "total_questions": 3317,
  "valid_questions": 3317,
  "hit_count": 2219,
  "hit_rate": 0.6689779921615918,
  "h_at_1_count": 1650,
  "h_at_1_rate": 0.49743744347301777,
  "precision": 0.48575876356250164,
  "recall": 0.6161786771884276,
  "f1": 0.49290350934951516
}