{
  "total_questions": 3317,
  "valid_questions": 3317,
  "hit_count": 2041,
  "hit_rate": 0.6153150437141995,
  "h_at_1_count": 1650,
  "h_at_1_rate": 0.49743744347301777,
  "precision": 0.48766455632599653,
  "recall": 0.5515235393330091,
  "f1": 0.4831453647896692
}