{
  "total_questions": 3317,
  "valid_questions": 3317,
  "hit_count": 2095,
  "hit_rate": 0.6315948145914984,
  "h_at_1_count": 1650,
  "h_at_1_rate": 0.49743744347301777,
  "precision": 0.4871922419857316,
  "recall": 0.5690845302374332,
  "f1": 0.4868165293805424
}