{
  "total_questions": 3317,
  "valid_questions": 3317,
  "hit_count": 1869,
  "hit_rate": 0.5634609586976184,
  "h_at_1_count": 1650,
  "h_at_1_rate": 0.49743744347301777,
  "precision": 0.4930660235152246,
  "recall": 0.4864912669398504,
  "f1": 0.4637173281257599
}