{
  "total_questions": 3317,
  "valid_questions": 3317,
  "hit_count": 2228,
  "hit_rate": 0.6716912873078082,
  "h_at_1_count": 1650,
  "h_at_1_rate": 0.49743744347301777,
  "precision": 0.48546729383373,
  "recall": 0.6202688314765996,
  "f1": 0.49311625963408806
}