{
  "total_questions": 3317,
  "valid_questions": 3317,
  "hit_count": 2134,
  "hit_rate": 0.6433524268917696,
  "h_at_1_count": 1650,
  "h_at_1_rate": 0.49743744347301777,
  "precision": 0.4868053461963631,
  "recall": 0.583891209998942,
  "f1": 0.4891741671288702
}