{
  "total_questions": 3317,
  "valid_questions": 3317,
  "hit_count": 2170,
  "hit_rate": 0.6542056074766355,
  "h_at_1_count": 1650,
  "h_at_1_rate": 0.49743744347301777,
  "precision": 0.4859863330318562,
  "recall": 0.5981227701335273,
  "f1": 0.4906940029493885
}