{
  "total_questions": 3317,
  "valid_questions": 3317,
  "hit_count": 2227,
  "hit_rate": 0.6713898100693397,
  "h_at_1_count": 1650,
  "h_at_1_rate": 0.49743744347301777,
  "precision": 0.48566883406346745,
  "recall": 0.6196068772372513,
  "f1": 0.4932568060928534
}