{
  "total_questions": 3317,
  "valid_questions": 3317,
  "hit_count": 1650,
  "hit_rate": 0.49743744347301777,
  "h_at_1_count": 1650,
  "h_at_1_rate": 0.49743744347301777,
  "precision": 0.49743744347301777,
  "recall": 0.4061638541715323,
  "f1": 0.42437525902740764
}