{
  "total_questions": 3317,
  "valid_questions": 3317,
  "hit_count": 2222,
  "hit_rate": 0.6698824238769973,
  "h_at_1_count": 1650,
  "h_at_1_rate": 0.49743744347301777,
  "precision": 0.48569041500153926,
  "recall": 0.6178983550103149,
  "f1": 0.49308846562541925
}