{
  "total_questions": 3317,
  "valid_questions": 3317,
  "hit_count": 2104,
  "hit_rate": 0.6343081097377148,
  "h_at_1_count": 1661,
  "h_at_1_rate": 0.5007536930961712,
  "precision": 0.4889021596559854,
  "recall": 0.5760962522169467,
  "f1": 0.4857152661109692
}