{
  "total_questions": 3317,
  "valid_questions": 3317,
  "hit_count": 1988,
  "hit_rate": 0.5993367500753694,
  "h_at_1_count": 1661,
  "h_at_1_rate": 0.5007536930961712,
  "precision": 0.49020198974977336,
  "recall": 0.5326904360361809,
  "f1": 0.47815092031677986
}