{
  "total_questions": 3317,
  "valid_questions": 3317,
  "hit_count": 2092,
  "hit_rate": 0.6306903828760928,
  "h_at_1_count": 1661,
  "h_at_1_rate": 0.5007536930961712,
  "precision": 0.48896494337404767,
  "recall": 0.5718499726813134,
  "f1": 0.48500235565516814
}