{
  "total_questions": 3317,
  "valid_questions": 3317,
  "hit_count": 2106,
  "hit_rate": 0.6349110642146518,
  "h_at_1_count": 1661,
  "h_at_1_rate": 0.5007536930961712,
  "precision": 0.4888567014664767,
  "recall": 0.5768017320566672,
  "f1": 0.485758793781459
}