{
  "total_questions": 3317,
  "valid_questions": 3317,
  "hit_count": 2096,
  "hit_rate": 0.6318962918299669,
  "h_at_1_count": 1661,
  "h_at_1_rate": 0.5007536930961712,
  "precision": 0.4889503154200169,
  "recall": 0.5731413352798519,
  "f1": 0.4852422465038541
}