{
  "total_questions": 3317,
  "valid_questions": 3317,
  "hit_count": 2099,
  "hit_rate": 0.6328007235453723,
  "h_at_1_count": 1661,
  "h_at_1_rate": 0.5007536930961712,
  "precision": 0.4889959260248678,
  "recall": 0.5743647755151561,
  "f1": 0.48550848110154604
}