{
  "total_questions": 3317,
  "valid_questions": 3317,
  "hit_count": 2061,
  "hit_rate": 0.6213445884835694,
  "h_at_1_count": 1661,
  "h_at_1_rate": 0.5007536930961712,
  "precision": 0.489601188681683,
  "recall": 0.5598618913250621,
  "f1": 0.48366505935028326
}