{
  "total_questions": 3317,
  "valid_questions": 3317,
  "hit_count": 2025,
  "hit_rate": 0.6104914078987036,
  "h_at_1_count": 1661,
  "h_at_1_rate": 0.5007536930961712,
  "precision": 0.48971962616822523,
  "recall": 0.54477087091739,
  "f1": 0.48074655571820074
}