{
  "total_questions": 3317,
  "valid_questions": 3317,
  "hit_count": 2091,
  "hit_rate": 0.6303889056376244,
  "h_at_1_count": 1661,
  "h_at_1_rate": 0.5007536930961712,
  "precision": 0.4890920923781939,
  "recall": 0.5709899159557449,
  "f1": 0.4849484856766538
}