{
  "total_questions": 3317,
  "valid_questions": 3317,
  "hit_count": 1661,
  "hit_rate": 0.5007536930961712,
  "h_at_1_count": 1661,
  "h_at_1_rate": 0.5007536930961712,
  "precision": 0.5007536930961712,
  "recall": 0.4098769074399066,
  "f1": 0.42807342332249676
}