{
  "total_questions": 3317,
  "valid_questions": 3317,
  "hit_count": 2080,
  "hit_rate": 0.6270726560144709,
  "h_at_1_count": 1661,
  "h_at_1_rate": 0.5007536930961712,
  "precision": 0.4892456369544095,
  "recall": 0.5673768538175149,
  "f1": 0.48463002678074096
}