{
  "total_questions": 3317,
  "valid_questions": 3317,
  "hit_count": 2100,
  "hit_rate": 0.6331022007838408,
  "h_at_1_count": 1661,
  "h_at_1_rate": 0.5007536930961712,
  "precision": 0.48894366193883804,
  "recall": 0.5747683246241326,
  "f1": 0.485524281026883
}