{
  "total_questions": 3317,
  "valid_questions": 3317,
  "hit_count": 2105,
  "hit_rate": 0.6346095869761833,
  "h_at_1_count": 1661,
  "h_at_1_rate": 0.5007536930961712,
  "precision": 0.48889766251175387,
  "recall": 0.5764657408722774,
  "f1": 0.4857623518293946
}