{
  "total_questions": 3317,
  "valid_questions": 3317,
  "hit_count": 2076,
  "hit_rate": 0.625866747060597,
  "h_at_1_count": 1661,
  "h_at_1_rate": 0.5007536930961712,
  "precision": 0.48960729000674735,
  "recall": 0.5654067562926486,
  "f1": 0.48458023565085784
}