{
  "total_questions": 3317,
  "valid_questions": 3317,
  "hit_count": 2048,
  "hit_rate": 0.617425384383479,
  "h_at_1_count": 1661,
  "h_at_1_rate": 0.5007536930961712,
  "precision": 0.48973470003014824,
  "recall": 0.5543454665803688,
  "f1": 0.4828816821680386
}