{
  "total_questions": 3317,
  "valid_questions": 3317,
  "hit_count": 1848,
  "hit_rate": 0.55712993668978,
  "h_at_1_count": 1661,
  "h_at_1_rate": 0.5007536930961712,
  "precision": 0.4939704552306301,
  "recall": 0.47890978116270605,
  "f1": 0.46156452999768277
}