{
  "total_questions": 3317,
  "valid_questions": 3317,
  "hit_count": 2102,
  "hit_rate": 0.6337051552607779,
  "h_at_1_count": 1661,
  "h_at_1_rate": 0.5007536930961712,
  "precision": 0.4890111467101214,
  "recall": 0.5754300716761391,
  "f1": 0.4857096604870392
}