{
  "total_questions": 3317,
  "valid_questions": 3317,
  "hit_count": 1931,
  "hit_rate": 0.5821525474826651,
  "h_at_1_count": 1661,
  "h_at_1_rate": 0.5007536930961712,
  "precision": 0.49075469802029786,
  "recall": 0.511801785364898,
  "f1": 0.4721929842622133
}