{
  "total_questions": 3317,
  "valid_questions": 3317,
  "hit_count": 2086,
  "hit_rate": 0.6288815194452819,
  "h_at_1_count": 1661,
  "h_at_1_rate": 0.5007536930961712,
  "precision": 0.48922936675423834,
  "recall": 0.5695396468874501,
  "f1": 0.4849730020740427
}