{
  "total_questions": 3317,
  "valid_questions": 3317,
  "hit_count": 2106,
  "hit_rate": 0.6349110642146518,
  "h_at_1_count": 1661,
  "h_at_1_rate": 0.5007536930961712,
  "precision": 0.48886819131383186,
  "recall": 0.5769296908955509,
  "f1": 0.4857968302607801
}