{
  "total_questions": 3317,
  "valid_questions": 3317,
  "hit_count": 2132,
  "hit_rate": 0.6427494724148327,
  "h_at_1_count": 1644,
  "h_at_1_rate": 0.49562858004220683,
  "precision": 0.48766515449512093,
  "recall": 0.5841110534395622,
  "f1": 0.4870846382653458
}