{
  "total_questions": 3317,
  "valid_questions": 3317,
  "hit_count": 2122,
  "hit_rate": 0.6397347000301478,
  "h_at_1_count": 1644,
  "h_at_1_rate": 0.49562858004220683,
  "precision": 0.4876742466658049,
  "recall": 0.5807166594244293,
  "f1": 0.4866312555050714
}