{
  "total_questions": 3317,
  "valid_questions": 3317,
  "hit_count": 2149,
  "hit_rate": 0.6478745854687971,
  "h_at_1_count": 1644,
  "h_at_1_rate": 0.49562858004220683,
  "precision": 0.48740642501571035,
  "recall": 0.5898195313795666,
  "f1": 0.48752741320772736
}