{
  "total_questions": 3317,
  "valid_questions": 3317,
  "hit_count": 2118,
  "hit_rate": 0.6385287910762737,
  "h_at_1_count": 1644,
  "h_at_1_rate": 0.49562858004220683,
  "precision": 0.48820254963607396,
  "recall": 0.5785440293635968,
  "f1": 0.486761897406989
}