{
  "total_questions": 3317,
  "valid_questions": 3317,
  "hit_count": 2076,
  "hit_rate": 0.625866747060597,
  "h_at_1_count": 1644,
  "h_at_1_rate": 0.49562858004220683,
  "precision": 0.4880615013566483,
  "recall": 0.5633725062676438,
  "f1": 0.48433712545888585
}