{
  "total_questions": 3317,
  "valid_questions": 3317,
  "hit_count": 2041,
  "hit_rate": 0.6153150437141995,
  "h_at_1_count": 1644,
  "h_at_1_rate": 0.49562858004220683,
  "precision": 0.48754396543061096,
  "recall": 0.5502306508119001,
  "f1": 0.48117283986418236
}