{
  "total_questions": 3317,
  "valid_questions": 3317,
  "hit_count": 1644,
  "hit_rate": 0.49562858004220683,
  "h_at_1_count": 1644,
  "h_at_1_rate": 0.49562858004220683,
  "precision": 0.49562858004220683,
  "recall": 0.4055027467799455,
  "f1": 0.42349645070211145
}