{
  "total_questions": 3317,
  "valid_questions": 3317,
  "hit_count": 2157,
  "hit_rate": 0.6502864033765451,
  "h_at_1_count": 1644,
  "h_at_1_rate": 0.49562858004220683,
  "precision": 0.48718196712529505,
  "recall": 0.5937190588988022,
  "f1": 0.48788071293652696
}