{
  "total_questions": 3317,
  "valid_questions": 3317,
  "hit_count": 2154,
  "hit_rate": 0.6493819716611395,
  "h_at_1_count": 1644,
  "h_at_1_rate": 0.49562858004220683,
  "precision": 0.4873944825482357,
  "recall": 0.5921125331022503,
  "f1": 0.4878178049940569
}