{
  "total_questions": 3317,
  "valid_questions": 3317,
  "hit_count": 2145,
  "hit_rate": 0.6466686765149231,
  "h_at_1_count": 1644,
  "h_at_1_rate": 0.49562858004220683,
  "precision": 0.48750361620424887,
  "recall": 0.5887150086662133,
  "f1": 0.48742553443086445
}