{
  "total_questions": 3317,
  "valid_questions": 3317,
  "hit_count": 2152,
  "hit_rate": 0.6487790171842026,
  "h_at_1_count": 1644,
  "h_at_1_rate": 0.49562858004220683,
  "precision": 0.4874385077957582,
  "recall": 0.5912663388415541,
  "f1": 0.48776601773047873
}