{
  "total_questions": 3317,
  "valid_questions": 3317,
  "hit_count": 2156,
  "hit_rate": 0.6499849261380766,
  "h_at_1_count": 1644,
  "h_at_1_rate": 0.49562858004220683,
  "precision": 0.4872562844179644,
  "recall": 0.5931714957078034,
  "f1": 0.4878772641747691
}