{
  "total_questions": 3317,
  "valid_questions": 3317,
  "hit_count": 2140,
  "hit_rate": 0.6451612903225806,
  "h_at_1_count": 1644,
  "h_at_1_rate": 0.49562858004220683,
  "precision": 0.48746633395412375,
  "recall": 0.5865746210038206,
  "f1": 0.48707428319337154
}