{
  "total_questions": 3317,
  "valid_questions": 3317,
  "hit_count": 1853,
  "hit_rate": 0.5586373228821224,
  "h_at_1_count": 1644,
  "h_at_1_rate": 0.49562858004220683,
  "precision": 0.4918601145613506,
  "recall": 0.48045453326519105,
  "f1": 0.4607782228803538
}