{
  "total_questions": 3317,
  "valid_questions": 3317,
  "hit_count": 2098,
  "hit_rate": 0.6324992463069038,
  "h_at_1_count": 1644,
  "h_at_1_rate": 0.49562858004220683,
  "precision": 0.4882165467935742,
  "recall": 0.5717526886997305,
  "f1": 0.485843637553063
}