{
  "total_questions": 3317,
  "valid_questions": 3317,
  "hit_count": 1938,
  "hit_rate": 0.5842628881519445,
  "h_at_1_count": 1644,
  "h_at_1_rate": 0.49562858004220683,
  "precision": 0.4884936187317841,
  "recall": 0.514918986055207,
  "f1": 0.4721511860443527
}