{
  "total_questions": 3317,
  "valid_questions": 3317,
  "hit_count": 1998,
  "hit_rate": 0.6023515224600543,
  "h_at_1_count": 1644,
  "h_at_1_rate": 0.49562858004220683,
  "precision": 0.48799115666767107,
  "recall": 0.5363334566674441,
  "f1": 0.47820086200072864
}