{
  "total_questions": 3317,
  "valid_questions": 3317,
  "hit_count": 2042,
  "hit_rate": 0.6156165209526681,
  "h_at_1_count": 1646,
  "h_at_1_rate": 0.4962315345191438,
  "precision": 0.48551401869158933,
  "recall": 0.5508123102031298,
  "f1": 0.477201697095342
}