{
  "total_questions": 3317,
  "valid_questions": 3317,
  "hit_count": 2293,
  "hit_rate": 0.6912873078082605,
  "h_at_1_count": 1631,
  "h_at_1_rate": 0.4917093759421164,
  "precision": 0.4804597890971116,
  "recall": 0.6457967204932623,
  "f1": 0.49595545794778007
}