{
  "total_questions": 3317,
  "valid_questions": 3317,
  "hit_count": 2054,
  "hit_rate": 0.61923424781429,
  "h_at_1_count": 1631,
  "h_at_1_rate": 0.4917093759421164,
  "precision": 0.48269018189126656,
  "recall": 0.557744366529635,
  "f1": 0.4821868751741065
}