{
  "total_questions": 3317,
  "valid_questions": 3317,
  "hit_count": 1646,
  "hit_rate": 0.4962315345191438,
  "h_at_1_count": 1646,
  "h_at_1_rate": 0.4962315345191438,
  "precision": 0.4962315345191438,
  "recall": 0.40496319823014687,
  "f1": 0.4232022669439542
}