{
  "total_questions": 3317,
  "valid_questions": 3317,
  "hit_count": 2243,
  "hit_rate": 0.6762134458848357,
  "h_at_1_count": 1631,
  "h_at_1_rate": 0.4917093759421164,
  "precision": 0.48058307133525635,
  "recall": 0.6265632936581937,
  "f1": 0.49379159004962303
}