{
  "total_questions": 3317,
  "valid_questions": 3317,
  "hit_count": 2120,
  "hit_rate": 0.6391317455532107,
  "h_at_1_count": 1646,
  "h_at_1_rate": 0.4962315345191438,
  "precision": 0.48480205123886055,
  "recall": 0.5797753975199599,
  "f1": 0.4806119616513329
}