{
  "total_questions": 3317,
  "valid_questions": 3317,
  "hit_count": 2107,
  "hit_rate": 0.6352125414531203,
  "h_at_1_count": 1646,
  "h_at_1_rate": 0.4962315345191438,
  "precision": 0.48512701414419834,
  "recall": 0.5751519921332849,
  "f1": 0.4804348163253103
}