{
  "total_questions": 3317,
  "valid_questions": 3317,
  "hit_count": 2117,
  "hit_rate": 0.6382273138378053,
  "h_at_1_count": 1646,
  "h_at_1_rate": 0.4962315345191438,
  "precision": 0.484854941999287,
  "recall": 0.5786145665912664,
  "f1": 0.4805453002174635
}