{
  "total_questions": 3317,
  "valid_questions": 3317,
  "hit_count": 2303,
  "hit_rate": 0.6943020801929455,
  "h_at_1_count": 1631,
  "h_at_1_rate": 0.4917093759421164,
  "precision": 0.4801186596613867,
  "recall": 0.6493416427523556,
  "f1": 0.4959652440194317
}