{
  "total_questions": 3317,
  "valid_questions": 3317,
  "hit_count": 2011,
  "hit_rate": 0.6062707265601447,
  "h_at_1_count": 1646,
  "h_at_1_rate": 0.4962315345191438,
  "precision": 0.4857702743442883,
  "recall": 0.5394081176472435,
  "f1": 0.47525082047376
}