{
  "total_questions": 3317,
  "valid_questions": 3317,
  "hit_count": 2119,
  "hit_rate": 0.6388302683147422,
  "h_at_1_count": 1646,
  "h_at_1_rate": 0.4962315345191438,
  "precision": 0.484865083217377,
  "recall": 0.5793804144840363,
  "f1": 0.48063212766737873
}