{
  "total_questions": 3317,
  "valid_questions": 3317,
  "hit_count": 2066,
  "hit_rate": 0.622851974675912,
  "h_at_1_count": 1646,
  "h_at_1_rate": 0.4962315345191438,
  "precision": 0.4852516617138266,
  "recall": 0.5606754022498156,
  "f1": 0.4787175729015195
}