{
  "total_questions": 3317,
  "valid_questions": 3317,
  "hit_count": 1921,
  "hit_rate": 0.5791377750979801,
  "h_at_1_count": 1646,
  "h_at_1_rate": 0.4962315345191438,
  "precision": 0.4876896794292018,
  "recall": 0.5068715228888374,
  "f1": 0.46779456578968437
}