{
  "total_questions": 3317,
  "valid_questions": 3317,
  "hit_count": 2294,
  "hit_rate": 0.6915887850467289,
  "h_at_1_count": 1631,
  "h_at_1_rate": 0.4917093759421164,
  "precision": 0.4800741977888665,
  "recall": 0.6462753433459357,
  "f1": 0.4956479221368879
}