{
  "total_questions": 3317,
  "valid_questions": 3317,
  "hit_count": 2115,
  "hit_rate": 0.6376243593608683,
  "h_at_1_count": 1646,
  "h_at_1_rate": 0.4962315345191438,
  "precision": 0.48501520462253045,
  "recall": 0.577987493935252,
  "f1": 0.4805974673626526
}