{
  "total_questions": 3317,
  "valid_questions": 3317,
  "hit_count": 1827,
  "hit_rate": 0.5507989146819415,
  "h_at_1_count": 1646,
  "h_at_1_rate": 0.4962315345191438,
  "precision": 0.48914681941513416,
  "recall": 0.47113517794794596,
  "f1": 0.4553400063553116
}