{
  "total_questions": 3317,
  "valid_questions": 3317,
  "hit_count": 2289,
  "hit_rate": 0.6900813988543865,
  "h_at_1_count": 1631,
  "h_at_1_rate": 0.4917093759421164,
  "precision": 0.48057591003777267,
  "recall": 0.6444311552741085,
  "f1": 0.49591596622126266
}