{
  "total_questions": 3317,
  "valid_questions": 3317,
  "hit_count": 2285,
  "hit_rate": 0.6888754899005125,
  "h_at_1_count": 1631,
  "h_at_1_rate": 0.4917093759421164,
  "precision": 0.48082212063219,
  "recall": 0.6432170796450254,
  "f1": 0.49602817381573283
}