{
  "total_questions": 3317,
  "valid_questions": 3317,
  "hit_count": 1973,
  "hit_rate": 0.5948145914983419,
  "h_at_1_count": 1646,
  "h_at_1_rate": 0.4962315345191438,
  "precision": 0.48598130841121434,
  "recall": 0.5260582298459936,
  "f1": 0.4718951923878761
}