{
  "total_questions": 3317,
  "valid_questions": 3317,
  "hit_count": 2160,
  "hit_rate": 0.6511908350919505,
  "h_at_1_count": 1631,
  "h_at_1_rate": 0.4917093759421164,
  "precision": 0.4816601346598343,
  "recall": 0.5960158855628821,
  "f1": 0.48996608947325937
}