{
  "total_questions": 3317,
  "valid_questions": 3317,
  "hit_count": 2300,
  "hit_rate": 0.6933976484775399,
  "h_at_1_count": 1631,
  "h_at_1_rate": 0.4917093759421164,
  "precision": 0.4801703494524789,
  "recall": 0.6481578691325092,
  "f1": 0.4959138611484455
}