{
  "total_questions": 3317,
  "valid_questions": 3317,
  "hit_count": 2117,
  "hit_rate": 0.6382273138378053,
  "h_at_1_count": 1631,
  "h_at_1_rate": 0.4917093759421164,
  "precision": 0.48261983720229307,
  "recall": 0.5804255655012073,
  "f1": 0.4878505736727846
}