{
  "total_questions": 3317,
  "valid_questions": 3317,
  "hit_count": 2054,
  "hit_rate": 0.61923424781429,
  "h_at_1_count": 1646,
  "h_at_1_rate": 0.4962315345191438,
  "precision": 0.4851170736609385,
  "recall": 0.5563768180014567,
  "f1": 0.47787892949234834
}