{
  "total_questions": 3317,
  "valid_questions": 3317,
  "hit_count": 2307,
  "hit_rate": 0.6955079891468194,
  "h_at_1_count": 1631,
  "h_at_1_rate": 0.4917093759421164,
  "precision": 0.48024393685423317,
  "recall": 0.6508507740984293,
  "f1": 0.49625189684951465
}