{
  "total_questions": 3317,
  "valid_questions": 3317,
  "hit_count": 2228,
  "hit_rate": 0.6716912873078082,
  "h_at_1_count": 1631,
  "h_at_1_rate": 0.4917093759421164,
  "precision": 0.4807974551492786,
  "recall": 0.6210662607460586,
  "f1": 0.49316244959962974
}