{
  "total_questions": 3317,
  "valid_questions": 3317,
  "hit_count": 2089,
  "hit_rate": 0.6297859511606874,
  "h_at_1_count": 1646,
  "h_at_1_rate": 0.4962315345191438,
  "precision": 0.4851674395011746,
  "recall": 0.5687318575262639,
  "f1": 0.4798011228627595
}