{
  "total_questions": 3317,
  "valid_questions": 3317,
  "hit_count": 2113,
  "hit_rate": 0.6370214048839312,
  "h_at_1_count": 1646,
  "h_at_1_rate": 0.4962315345191438,
  "precision": 0.4850696543265128,
  "recall": 0.577457535795831,
  "f1": 0.4805795086520672
}