{
  "total_questions": 3317,
  "valid_questions": 3317,
  "hit_count": 1865,
  "hit_rate": 0.5622550497437443,
  "h_at_1_count": 1631,
  "h_at_1_rate": 0.4917093759421164,
  "precision": 0.4879409104612602,
  "recall": 0.48538011432183137,
  "f1": 0.4605700601894898
}