{
  "total_questions": 3317,
  "valid_questions": 3317,
  "hit_count": 1631,
  "hit_rate": 0.4917093759421164,
  "h_at_1_count": 1631,
  "h_at_1_rate": 0.4917093759421164,
  "precision": 0.4917093759421164,
  "recall": 0.4002084947494446,
  "f1": 0.4183768246004629
}