{
  "total_questions": 3317,
  "valid_questions": 3317,
  "hit_count": 2211,
  "hit_rate": 0.6665661742538438,
  "h_at_1_count": 1631,
  "h_at_1_rate": 0.4917093759421164,
  "precision": 0.4813783970024552,
  "recall": 0.6150129854871254,
  "f1": 0.49287589440023183
}