{
  "total_questions": 3317,
  "valid_questions": 3317,
  "hit_count": 2270,
  "hit_rate": 0.6843533313234851,
  "h_at_1_count": 1631,
  "h_at_1_rate": 0.4917093759421164,
  "precision": 0.48081401899611054,
  "recall": 0.6367831986807322,
  "f1": 0.4952247984533641
}