{
  "total_questions": 3317,
  "valid_questions": 3317,
  "hit_count": 2121,
  "hit_rate": 0.6394332227916792,
  "h_at_1_count": 1646,
  "h_at_1_rate": 0.4962315345191438,
  "precision": 0.4848335608338255,
  "recall": 0.5802292403976798,
  "f1": 0.48069687232605507
}