{
  "total_questions": 3317,
  "valid_questions": 3317,
  "hit_count": 2279,
  "hit_rate": 0.6870666264697015,
  "h_at_1_count": 1631,
  "h_at_1_rate": 0.4917093759421164,
  "precision": 0.4808650792144911,
  "recall": 0.6403917583903502,
  "f1": 0.49575997251457415
}