{
  "total_questions": 3317,
  "valid_questions": 3317,
  "hit_count": 2258,
  "hit_rate": 0.6807356044618631,
  "h_at_1_count": 1631,
  "h_at_1_rate": 0.4917093759421164,
  "precision": 0.48061585100324844,
  "recall": 0.631931212669516,
  "f1": 0.4944650768266319
}