{
  "total_questions": 3317,
  "valid_questions": 3317,
  "hit_count": 2078,
  "hit_rate": 0.6264697015375339,
  "h_at_1_count": 1646,
  "h_at_1_rate": 0.4962315345191438,
  "precision": 0.48524304807844126,
  "recall": 0.5647048103923991,
  "f1": 0.47931652391768664
}