{
  "total_questions": 3317,
  "valid_questions": 3317,
  "hit_count": 1990,
  "hit_rate": 0.5999397045523063,
  "h_at_1_count": 1631,
  "h_at_1_rate": 0.4917093759421164,
  "precision": 0.48547884634709887,
  "recall": 0.5327474231410221,
  "f1": 0.47667732049226735
}