{
  "total_questions": 3317,
  "valid_questions": 3317,
  "hit_count": 2104,
  "hit_rate": 0.6343081097377148,
  "h_at_1_count": 1646,
  "h_at_1_rate": 0.4962315345191438,
  "precision": 0.48521605433724785,
  "recall": 0.5738800650125222,
  "f1": 0.4803254561218661
}