{
  "total_questions": 3317,
  "valid_questions": 3317,
  "hit_count": 2112,
  "hit_rate": 0.6367199276454628,
  "h_at_1_count": 1646,
  "h_at_1_rate": 0.4962315345191438,
  "precision": 0.48518992145763323,
  "recall": 0.577025677392737,
  "f1": 0.48069763300794655
}