{
  "total_questions": 3317,
  "valid_questions": 3317,
  "hit_count": 2185,
  "hit_rate": 0.6587277660536629,
  "h_at_1_count": 1631,
  "h_at_1_rate": 0.4917093759421164,
  "precision": 0.48141608165726313,
  "recall": 0.6064625934033697,
  "f1": 0.49157881623037003
}