{
  "total_questions": 3317,
  "valid_questions": 3317,
  "hit_count": 2094,
  "hit_rate": 0.6312933373530298,
  "h_at_1_count": 1646,
  "h_at_1_rate": 0.4962315345191438,
  "precision": 0.48504838209390494,
  "recall": 0.5706754793868971,
  "f1": 0.47986210234642523
}